"Variable","Coeficiente","Error_Estandar","t_valor","p_valor","Significancia"
"(Intercepto)",-19.0023588623674,8.73604664101521,-2.17516682811107,0.0296832900800338,"*"
"Presupuesto (mill USD)",2.18135683872633,0.0357027774023878,61.0976791564806,0,"***"
"Idioma Inglés (dummy)",-22.8928438685004,6.74103482150477,-3.39604296293936,0.000691175770989721,"***"
"País Fuerte (dummy)",1.46956201349552,3.12998901338254,0.46951027853845,0.638733726444884,""
"Duración² (min²)",0.00152478929165005,0.000389178505749782,3.91796892460035,9.09771408061905e-05,"***"
