Variable,Estimador,Error_Estandar,t_valor,p_valor
(Intercept),-19.00235886236744,11.516023146801881,-1.6500799468820617,0.09901490118687106
presupuesto_mill,2.1813568387263316,0.08760172693289243,24.900842884037736,2.6799946402833776e-126
idioma_ingles,-22.892843868500428,5.640839653923969,-4.058410675186512,5.047035539129837e-5
pais_fuerte,1.4695620134955232,3.292139371835071,0.44638511542613546,0.6553462630856464
duracion_cuadrado,0.001524789291650048,6.389781340152482e-4,2.386293380758568,0.017071174138689294
