Variable,Coeficiente,EE_MCO,EE_HC1,EE_HC3,t_MCO,t_HC3,p_MCO,p_HC3
(Intercept),-19.00235886236744,8.736046641015209,11.42377793192277,11.516023146801881,-2.1751668281110725,-1.6500799468820617,0.02968329008003377,0.09901490118687106
presupuesto_mill,2.1813568387263316,0.03570277740238776,0.08701931385899438,0.08760172693289243,61.09767915648055,24.900842884037736,0,2.6799946402833776e-126
idioma_ingles,-22.892843868500428,6.741034821504769,5.611053278192196,5.640839653923969,-3.396042962939356,-4.058410675186512,6.911757709897208e-4,5.047035539129837e-5
pais_fuerte,1.4695620134955232,3.129989013382537,3.2802304902141723,3.292139371835071,0.46951027853844995,0.44638511542613546,0.6387337264448836,0.6553462630856464
duracion_cuadrado,0.001524789291650048,3.8917850574978245e-4,6.337275779441788e-4,6.389781340152482e-4,3.9179689246003546,2.386293380758568,9.097714080619051e-5,0.017071174138689294
