Variable,Coef,IC_MCO_inf,IC_MCO_sup,IC_Robust_inf,IC_Robust_sup,Amplitud_MCO,Amplitud_Robust
(Intercept),-19.00235886236744,-36.13052556950879,-1.874192155226087,-41.581034591461204,3.576316866726323,34.25633341428271,45.15735145818753
presupuesto_mill,2.1813568387263316,2.111356854936754,2.251356822515909,2.009602148716379,2.3531115287362843,0.139999967579155,0.3435093800199054
idioma_ingles,-22.892843868500428,-36.10952790716999,-9.676159829830866,-33.95245079722849,-11.83323693977237,26.433368077339125,22.119213857456117
pais_fuerte,1.4695620134955232,-4.667192495235774,7.60631652222682,-4.985109567491122,7.924233594482169,12.273509017462594,12.909343161973291
duracion_cuadrado,0.001524789291650048,7.617537219883224e-4,0.0022878248613117736,2.719887456631017e-4,0.002777589837636994,0.0015260711393234512,0.0025056010919738926
