"","presupuesto_mill","idioma_ingles","pais_fuerte","duracion_cuadrado"
"presupuesto_mill",1,0.156134426985249,-0.0354640766678932,0.311758616198628
"idioma_ingles",0.156134426985249,1,0.0789553662226136,-0.220963550909257
"pais_fuerte",-0.0354640766678932,0.0789553662226136,1,-0.0834341590926942
"duracion_cuadrado",0.311758616198628,-0.220963550909257,-0.0834341590926942,1
