"Metrica","Valor"
"R²",0.560574196504271
"R² Ajustado",0.560079904261869
"RMSE",92.7035358576952
"MAE",50.4781587264804
"F-estadístico",1134.09466792303
"p-valor F",0
"AIC",42376.1141445279
"BIC",42413.1809246276
