roi_categoria,n,porcentaje
Alta rentabilidad,167,4.693648116919618
Baja rentabilidad,760,21.360314783586283
Pérdida,1909,53.65373805508713
Rentabilidad media,722,20.29229904440697
